"product_category","Total_Sales","Total_Profit","Avg_Order","Orders","Cluster"
"Books",237600,59305.426159976,1224.74226804124,194,"1"
"Clothing",254050,64519.0326494374,1289.59390862944,197,"2"
"Electronics",215100,53240.3978969413,1108.76288659794,194,"1"
"Home & Kitchen",234800,59443.9882148127,1112.79620853081,211,"3"
"Sports",262950,65028.8806657493,1288.97058823529,204,"2"
